{"id":"461e9258-87aa-491b-b9c6-a59374edb1f9","timestamp":1709024685514,"matcher":{"static":{},"wildcard":{},"dynamic":{}},"prerendered":["/wallet","/addresses","/settings","/suggestions","/cart","/about","/contact","/orders","/ar","/ar/orders","/subscribtions","/products/add","/","/ar/about","/ar/products/add","/ar/addresses","/ar/contact","/products/search","/ar/products/search","/ar/wallet","/ar/cart","/ar/suggestions","/ar/settings","/ar/orders/receipts","/ar/subscribtions","/orders/receipts"]}